beta_cross_section,beta_pooled,beta_fe_route_year
-0.4837130654073457,-0.3112934561700268,-0.9752122864737333
